-- ===========================================
-- EVENT ORGANIZER EXTENDED SEED DATA
-- ===========================================
-- Run this AFTER 01-schema.sql and 02-seed.sql
-- Adds more events, users, and event_registrations for organizer flows.
-- Default password for all users: "password123"
-- BCrypt hash generated by Spring BCryptPasswordEncoder (strength 10)
--
-- Run ONCE. If you re-run, you may get duplicate key errors on users/events.
-- In that case, skip the INSERTs or truncate mini tables (see DB_MANUAL_FIX_GUIDE.md).
-- ===========================================

USE matrimony_portal;

-- ===========================================
-- 1. EXTRA USERS (for registrations)
-- ===========================================
-- 02-seed has users 1-5 (admin=1, organizer=2, users 3,4,5).
-- Add users 6-14 for more registrations.

INSERT INTO users (id, email, password, first_name, last_name, phone, role, status) VALUES
(6, 'arjun.kapoor@example.com', '$2a$10$GXrtJ5LB1pJ5CVtH7oPVguk2QqtcQ6AqVdEH2IhzG8UOJW02HVHVG', 'Arjun', 'Kapoor', '+919876543301', 'USER', 'ACTIVE'),
(7, 'meera.agarwal@example.com', '$2a$10$GXrtJ5LB1pJ5CVtH7oPVguk2QqtcQ6AqVdEH2IhzG8UOJW02HVHVG', 'Meera', 'Agarwal', '+919876543302', 'USER', 'ACTIVE'),
(8, 'amit.kumar@example.com', '$2a$10$GXrtJ5LB1pJ5CVtH7oPVguk2QqtcQ6AqVdEH2IhzG8UOJW02HVHVG', 'Amit', 'Kumar', '+919876543303', 'USER', 'ACTIVE'),
(9, 'sneha.patel@example.com', '$2a$10$GXrtJ5LB1pJ5CVtH7oPVguk2QqtcQ6AqVdEH2IhzG8UOJW02HVHVG', 'Sneha', 'Patel', '+919876543304', 'USER', 'ACTIVE'),
(10, 'vijay.reddy@example.com', '$2a$10$GXrtJ5LB1pJ5CVtH7oPVguk2QqtcQ6AqVdEH2IhzG8UOJW02HVHVG', 'Vijay', 'Reddy', '+919876543305', 'USER', 'ACTIVE'),
(11, 'kavita.singh@example.com', '$2a$10$GXrtJ5LB1pJ5CVtH7oPVguk2QqtcQ6AqVdEH2IhzG8UOJW02HVHVG', 'Kavita', 'Singh', '+919876543306', 'USER', 'ACTIVE'),
(12, 'rohan.malhotra@example.com', '$2a$10$GXrtJ5LB1pJ5CVtH7oPVguk2QqtcQ6AqVdEH2IhzG8UOJW02HVHVG', 'Rohan', 'Malhotra', '+919876543307', 'USER', 'ACTIVE'),
(13, 'divya.nair@example.com', '$2a$10$GXrtJ5LB1pJ5CVtH7oPVguk2QqtcQ6AqVdEH2IhzG8UOJW02HVHVG', 'Divya', 'Nair', '+919876543308', 'USER', 'ACTIVE'),
(14, 'sanjay.mehta@example.com', '$2a$10$GXrtJ5LB1pJ5CVtH7oPVguk2QqtcQ6AqVdEH2IhzG8UOJW02HVHVG', 'Sanjay', 'Mehta', '+919876543309', 'USER', 'ACTIVE');

-- If you get "Duplicate entry" for id: either run once only, or use ALTER TABLE users AUTO_INCREMENT = 15; then omit id column and insert without explicit ids.

-- ===========================================
-- 2. EXTRA EVENTS (organizer_id = 2 from 02-seed)
-- ===========================================
-- 02-seed has events 1, 2. Add 3-18.

-- event_type spread across SPEED_DATING, COFFEE_MEETUP, DINNER, CULTURAL
-- event_date: UPCOMING/ONGOING in 2026 so they display correctly; COMPLETED/CANCELLED stay past
INSERT INTO events (id, organizer_id, title, description, event_date, venue, city, state, max_participants, registration_fee, status, event_type) VALUES
(3, 2, 'Speed Dating Evening - Mumbai', 'Join us for an exciting speed dating event in Mumbai. Meet like-minded individuals in a fun and relaxed environment.', '2026-02-15 18:00:00', 'Grand Hotel, Bandra', 'Mumbai', 'Maharashtra', 50, 500.00, 'UPCOMING', 'SPEED_DATING'),
(4, 2, 'Cultural Evening - Delhi', 'An evening of cultural exchange and meaningful connections.', '2026-02-22 19:00:00', 'India Habitat Centre', 'Delhi', 'Delhi', 100, 750.00, 'UPCOMING', 'CULTURAL'),
(5, 2, 'Coffee Meetup - Bangalore', 'Casual coffee meetup for young professionals.', '2026-02-10 11:00:00', 'Third Wave Coffee, Indiranagar', 'Bangalore', 'Karnataka', 30, 300.00, 'UPCOMING', 'COFFEE_MEETUP'),
(6, 2, 'Weekend Brunch - Pune', 'Sunday brunch meetup in Pune.', '2026-02-28 10:00:00', 'The Westin, Koregaon Park', 'Pune', 'Maharashtra', 40, 600.00, 'UPCOMING', 'DINNER'),
(7, 2, 'Professional Networking - Hyderabad', 'Networking event for professionals looking for life partners.', '2026-03-05 18:30:00', 'Taj Krishna', 'Hyderabad', 'Telangana', 80, 800.00, 'UPCOMING', 'COFFEE_MEETUP'),
(8, 2, 'Dinner & Dance - Chennai', 'An evening of dinner and dance.', '2026-03-12 19:00:00', 'Taj Coromandel', 'Chennai', 'Tamil Nadu', 60, 1200.00, 'UPCOMING', 'DINNER'),
(9, 2, 'Matrimony Mixer - Kolkata', 'Grand matrimonial mixer event.', '2026-01-27 17:00:00', 'ITC Sonar', 'Kolkata', 'West Bengal', 150, 1000.00, 'ONGOING', 'CULTURAL'),
(10, 2, 'Gurgaon Speed Dating', 'Fast-paced speed dating in Gurgaon.', '2026-01-28 19:00:00', 'The Westin, Gurgaon', 'Gurgaon', 'Haryana', 45, 550.00, 'ONGOING', 'SPEED_DATING'),
(11, 2, 'Lonavala Weekend Getaway', 'Weekend event in the hills.', '2024-12-10 10:00:00', 'Resort Paradise, Lonavala', 'Lonavala', 'Maharashtra', 25, 2000.00, 'COMPLETED', 'COFFEE_MEETUP'),
(12, 2, 'Year-End Gala - Mumbai', 'Year-end matrimony gala.', '2024-11-20 18:00:00', 'The Leela, Mumbai', 'Mumbai', 'Maharashtra', 120, 1500.00, 'COMPLETED', 'DINNER'),
(13, 2, 'Spring Meetup - Goa', 'Beachside spring meetup.', '2026-04-20 16:00:00', 'Taj Fort Aguada', 'Goa', 'Goa', 50, 1800.00, 'UPCOMING', 'COFFEE_MEETUP'),
(14, 2, 'Ahmedabad Cultural Fest', 'Cultural fest and matchmaking.', '2026-05-01 17:00:00', 'Cambay Grand', 'Ahmedabad', 'Gujarat', 90, 700.00, 'UPCOMING', 'CULTURAL'),
(15, 2, 'Kochi Seaside Evening', 'Seaside evening in Kochi.', '2026-05-15 18:00:00', 'Taj Malabar', 'Kochi', 'Kerala', 55, 900.00, 'UPCOMING', 'DINNER'),
(16, 2, 'Jaipur Royal Meet', 'Royal themed matrimony meet.', '2026-05-22 18:30:00', 'Rambagh Palace', 'Jaipur', 'Rajasthan', 70, 1100.00, 'UPCOMING', 'CULTURAL'),
(17, 2, 'Chandigarh Garden Party', 'Garden party meetup.', '2026-06-01 17:00:00', 'The Lalit, Chandigarh', 'Chandigarh', 'Punjab', 35, 650.00, 'UPCOMING', 'COFFEE_MEETUP'),
(18, 2, 'Cancelled Test Event', 'This event was cancelled for testing.', '2025-06-10 19:00:00', 'Test Venue', 'Mumbai', 'Maharashtra', 20, 0.00, 'CANCELLED', 'SPEED_DATING');

-- If you get "Duplicate entry" for id: run once only, or omit id and adjust event_registrations event_id below to your actual event IDs.

-- ===========================================
-- 3. EVENT REGISTRATIONS
-- ===========================================
-- Users 3-14, Events 1-18. Mix of PENDING, PAID, REFUNDED and attended.

INSERT INTO event_registrations (user_id, event_id, registration_date, payment_status, attended, notes) VALUES
(3, 3, '2025-02-01 10:00:00', 'PAID', false, 'Looking forward'),
(4, 3, '2025-02-02 11:00:00', 'PAID', false, NULL),
(5, 3, '2025-02-03 12:00:00', 'PENDING', false, 'Will pay soon'),
(6, 3, '2025-02-04 09:00:00', 'PAID', false, NULL),
(7, 3, '2025-02-05 14:00:00', 'PENDING', false, NULL),
(8, 3, '2025-02-06 10:30:00', 'PAID', false, 'Excited'),
(4, 4, '2025-02-10 11:00:00', 'PAID', false, NULL),
(5, 4, '2025-02-11 12:00:00', 'PENDING', false, NULL),
(6, 4, '2025-02-12 13:00:00', 'PAID', false, NULL),
(7, 4, '2025-02-13 14:00:00', 'PAID', false, NULL),
(3, 5, '2025-02-14 10:00:00', 'PAID', false, NULL),
(8, 5, '2025-02-15 11:00:00', 'PENDING', false, NULL),
(9, 5, '2025-02-16 12:00:00', 'PAID', false, NULL),
(3, 9, '2025-02-20 10:00:00', 'PAID', true, 'Attended'),
(4, 9, '2025-02-21 11:00:00', 'PAID', true, NULL),
(5, 9, '2025-02-22 12:00:00', 'PAID', false, 'No show'),
(6, 9, '2025-02-23 13:00:00', 'PENDING', false, NULL),
(7, 9, '2025-02-24 14:00:00', 'PAID', true, NULL),
(3, 10, '2025-02-18 10:00:00', 'PAID', false, NULL),
(4, 10, '2025-02-19 11:00:00', 'PAID', false, NULL),
(8, 10, '2025-02-20 12:00:00', 'PENDING', false, NULL),
(9, 10, '2025-02-21 13:00:00', 'PAID', false, NULL),
(10, 10, '2025-02-22 14:00:00', 'PAID', false, NULL),
(5, 11, '2024-11-25 10:00:00', 'PAID', true, 'Attended'),
(6, 11, '2024-11-26 11:00:00', 'PAID', true, NULL),
(7, 11, '2024-11-27 12:00:00', 'PAID', false, 'Could not attend'),
(3, 12, '2024-11-01 10:00:00', 'PAID', true, NULL),
(4, 12, '2024-11-02 11:00:00', 'PAID', true, NULL),
(5, 12, '2024-11-03 12:00:00', 'PAID', true, NULL),
(6, 12, '2024-11-04 13:00:00', 'PAID', false, 'No show'),
(7, 6, '2025-03-01 10:00:00', 'PAID', false, NULL),
(8, 6, '2025-03-02 11:00:00', 'PENDING', false, NULL),
(9, 6, '2025-03-03 12:00:00', 'PAID', false, NULL),
(10, 7, '2025-02-15 10:00:00', 'PAID', false, NULL),
(11, 7, '2025-02-16 11:00:00', 'PENDING', false, NULL),
(12, 7, '2025-02-17 12:00:00', 'PAID', false, NULL),
(13, 8, '2025-03-05 10:00:00', 'PAID', false, NULL),
(14, 8, '2025-03-06 11:00:00', 'PENDING', false, NULL);

-- ===========================================
-- VERIFICATION
-- ===========================================
-- SELECT id, email, role FROM users WHERE role IN ('EVENT_ORGANIZER','USER') ORDER BY id;
-- SELECT id, organizer_id, title, status FROM events ORDER BY id;
-- SELECT er.id, er.user_id, er.event_id, er.payment_status FROM event_registrations er ORDER BY er.event_id, er.id;
